name,close,date,symbol,rank
FSBANCORPINC,64.5,2018-07-11,FSBW,99
EXPONENTINC,49.75,2018-07-11,EXPO,42.3917521660464
AMERICANWATERWORKS,87.239998,2018-07-11,AWK,31.0683735192614
CHARTERCOMMUNICATIONSINC,301.369995,2018-07-11,CHTR,25.8106061008217
CONSTELLATIONBRANDSINC,217.350006,2018-07-11,STZ,24.0937078497504
ELECTRONICARTSINC,145.720001,2018-07-11,EA,16.9974773049811
NICOLETBANKSHARESINC,56.27,2018-07-11,NCBS,16.7925881079361
CMSENERGYCORPORATION,47.889999,2018-07-11,CMS,15.7907764325597
SBONEBANCORP,29.9,2018-07-11,SBBX,15.0374978063549
MCCORMICKCOMPANYINCORPORATED,118.309998,2018-07-11,MKC,14.6279765738756
CAMBRIDGEBANCORP,89.980003,2018-07-11,CATC,14.291466125824
SIXFLAGSENTERTAINMENTCORPORATIONNEW,68.309998,2018-07-11,SIX,14.1793750626622
MONSTERBEVERAGECORPORATION,60.240002,2018-07-11,MNST,12.8907290611008
BROADCOMINC,243.440002,2018-07-11,AVGO,12.7717533614751
THEMADISONSQUAREGARDENCOMPANY,319.829987,2018-07-11,MSG,12.3483311241032
TAROPHARMACEUTICALINDUSTRIESLTD,115.709999,2018-07-11,TARO,11.712877956028
TALEDUCATIONGROUP,36.57,2018-04-18,TAL,10.5656055072165
UNITYBANCORPINC,23.75,2018-07-11,UNTY,10.259679460354
NEOGENCORPORATION,82.660004,2018-07-11,NEOG,9.67449884917768
HINGHAMINSTITUTIONFORSAVINGS,216.009995,2018-07-11,HIFS,9.62801570061172
PINNACLEFOODSINC,65.860001,2018-07-11,PF,9.45352183080574
MASTERCARDINCORPORATED,203.839996,2018-07-11,MA,9.40708701850726
WASTECONNECTIONSINC,77.129997,2018-07-11,WCN,9.00333665265676
TYLERTECHNOLOGIESINC,231.300003,2018-07-11,TYL,8.49641071011783
FARMERSMERCHANTSBANCORPINC,42.880001,2018-07-11,FMAO,8.27741421410358
CHURCHDWIGHTCOMPANYINC,54.66,2018-07-11,CHD,7.84039012661358
RGCRESOURCESINC,29.639999,2018-07-11,RGCO,7.65043999131903
SOUTHERNMISSOURIBANCORPINC,39.669998,2018-07-11,SMBC,7.62234508646306
THERMRGROUPINC,78.099998,2018-04-18,RMR,7.4767413304072
MSBFINANCIALCORP,21.5,2018-07-11,MSBF,7.29198861306597
BOFIHOLDINGINC,41.950001,2018-07-11,BOFI,6.8716093373271
CONSTRUCTIONPARTNERSINC,6.29,2017-08-23,ROAD,6.25977092285807
SERVICEMASTERGLOBALHOLDINGSINC,61.130001,2018-07-11,SERV,6.20538499269719
SOUTHERNFIRSTBANCSHARESINC,46.450001,2018-07-11,SFST,6.19407374905949
DAILYJOURNALCORPSC,239.210007,2018-07-11,DJCO,5.97142449523324
PRUDENTIALBANCORPINC,19.299999,2018-07-11,PBIP,5.96464706149279
EDWARDSLIFESCIENCESCORPORATION,144.649994,2018-07-11,EW,5.72903064652414
AMAZONCOMINC,1755,2018-07-11,AMZN,5.59417120133636
LEMAITREVASCULARINC,36.450001,2018-07-11,LMAT,5.44838490632702
ROSSSTORESINC,84.760002,2018-07-11,ROST,5.39079042514363
DOMINOSPIZZAINC,279.660004,2018-07-11,DPZ,5.17204363463214
BOOKINGHOLDINGSINC,2052.850098,2018-07-11,BKNG,5.11677426152981
PLUMASBANCORP,27.700001,2018-07-11,PLBC,4.9771208219227
ENVIROSTARMINC,37.700001,2018-07-11,EVI,4.93727563208125
BROADRIDGEFINANCIALSOLUTIONSINC,117.5,2018-07-11,BR,4.63267656869008
HOMEFEDERALBANCORPINCOFLOUISIANA,31.799999,2018-07-11,HFBL,4.46419390641023
REPLIGENCORPORATION,48.029999,2018-07-11,RGEN,4.04230813889362
NIKEINC,77.360001,2018-07-11,NKE,4.0367721997242
APPLEINC,187.880005,2018-07-11,AAPL,3.912202153628
EQUINIXINC,443.470001,2018-07-11,EQIX,3.85292759823065
HESKACORPORATION,105.610001,2018-07-11,HSKA,3.79348576605439
PBBANCORPINC,11.45,2018-07-11,PBBI,3.78628706537884
THECOOPERCOMPANIESINC,247.059998,2018-07-11,COO,3.70497076163048
MAMSOFTWAREGROUPINC,8.27,2018-07-11,MAMS,3.69483151777269
SUMMITSTATEBANK,15.45,2018-07-11,SSBI,3.63459492365271
STAMPSCOMINC,269.899994,2018-07-11,STMP,3.52522576665509
JEWETTCAMERONTRADINGCOMPANY,7.75,2018-07-11,JCTCF,3.33353646388932
HDFCBANKLIMITED,109.57,2018-07-11,HDB,3.31763080667546
FACEBOOKINC,202.539993,2018-07-11,FB,3.25055134109925
BALCHEMCORPORATION,99.370003,2018-07-11,BCPC,3.20568835521129
LOGITECHINTERNATIONALSA,45.049999,2018-07-11,LOGI,3.14535592991491
MASTECHDIGITALINC,17.16,2018-07-11,MHH,3.14129099132861
MGMGROWTHPROPERTIESLLC,30.620001,2018-07-11,MGP,3.11591648279264
NVRINC,3063.629883,2018-07-11,NVR,3.09275977821473
NATHANSFAMOUSINC,98.099998,2018-07-11,NATH,3.00787155949536
VERISKANALYTICSINC,111.800003,2018-07-11,VRSK,2.99699427096902
ULTABEAUTYINC,252.199997,2018-07-11,ULTA,2.98857067761863
GENERALFINANCECORPORATION,13.95,2018-07-11,GFN,2.95039622151753
SIEBERTFINANCIALCORP,12.85,2018-07-11,SIEB,2.94823440084365
GRUPOFINANCIEROGALICIASA,36.639999,2018-07-11,GGAL,2.92805567576627
MANHATTANBRIDGECAPITALINC,7.5,2018-07-11,LOAN,2.91480207869292
STEWARDSHIPFINANCIALCORP,11,2018-07-11,SSFN,2.90473930158247
MGPINGREDIENTSINC,93.739998,2018-07-11,MGPI,2.84731553922215
VIPSHOPHOLDINGSLIMITED,10.35,2018-07-11,VIPS,2.8423590375343
HEICOCORPORATION,90.800003,2018-04-18,HEI,2.83991605593965
BIOMERICAINC,4.04,2018-07-11,BMRA,2.80952585930475
GODADDYINC,75.190002,2018-07-11,GDDY,2.8022576035485
CGIGROUPINC,64.470001,2018-07-11,GIB,2.80024529339356
BURLINGTONSTORESINC,148.779999,2018-07-11,BURL,2.79525944378681
GREENECOUNTYBANCORPINC,33.849998,2018-07-11,GCBC,2.76432946947198
ALIGNTECHNOLOGYINC,348.869995,2018-07-11,ALGN,2.75843623717837
BIOSPECIFICSTECHNOLOGIESCORP,46.720001,2018-07-11,BSTC,2.75265349494548
IDEXXLABORATORIESINC,234.160004,2018-07-11,IDXX,2.74591546049115
TUCOWSINC,59.200001,2018-07-11,TCX,2.72470724691911
RIVERVIEWBANCORPINC,8.64,2018-07-11,RVSB,2.66115089508469
MARKETAXESSHOLDINGSINC,204.110001,2018-07-11,MKTX,2.63583226361759
MAGYARBANCORPINC,12.21,2018-07-11,MGYR,2.60110198476701
CMEGROUPINC,165.429993,2018-07-11,CME,2.5768032686481
TRANSDIGMGROUPINCORPORATED,351.410004,2018-07-11,TDG,2.54825505290868
SUMMITFINANCIALGROUPINC,26.940001,2018-07-11,SMMF,2.53714568113873
ZAGGINC,17.25,2018-07-11,ZAGG,2.45665430557745
TRANSPORTADORADEGASSAORDB,14.62,2018-07-11,TGS,2.45454013979656
NATIONALSECURITYGROUPINC,16.15,2018-07-11,NSEC,2.44365651081039
EMPRESADISTRIBUIDORAYCOMERCIALIZADORANORTESAEDENOR,57,2018-04-18,EDN,2.41314457642946
MIMECASTLIMITED,38.84,2018-04-18,MIME,2.40303879711874
AXOGENINC,51.799999,2018-07-11,AXGN,2.39960373592806
EXTRASPACESTORAGEINC,98.889999,2018-07-11,EXR,2.37511646939298
SIMULATIONSPLUSINC,17.85,2018-07-11,SLP,2.36401989088652
ALLERGANPLC,174.410004,2018-07-11,AGN,2.34414935025341
PEOPLESBANCORPOFNORTHCAROLINAINC,31.99,2018-07-11,PEBK,2.34021885229964
EPLUSINC,98.449997,2018-07-11,PLUS,2.33503192300594
PRODEXINC,6.68,2018-07-11,PDEX,2.32155165385165
ELBITSYSTEMSLTD,124.279999,2018-04-18,ESLT,2.30233573834691
TEXASPACIFICLANDTRUST,784,2018-07-11,TPL,2.27699967051454
GLOBALBLOODTHERAPEUTICSINC,40.349998,2018-07-11,GBT,2.21535672430988
LOXOONCOLOGYINC,181.059998,2018-07-11,LOXO,2.21504352121761
RELIANTBANCORPINC,28.370001,2018-07-11,RBNC,2.14820609445826
PLANETFITNESSINC,45.189999,2018-07-11,PLNT,2.12901042392082
PRIMOWATERCORPORATION,16.450001,2018-07-11,PRMW,2.11430882065395
ELLIEMAEINC,105.400002,2018-07-11,ELLI,2.10248797460712
ABIOMEDINC,403.790009,2018-07-11,ABMD,2.08360363090879
FIRSTBANK,14.65,2018-07-11,FRBA,2.07176468620291
NATIONALBEVERAGECORP,108.440002,2018-07-11,FIZZ,2.05999079756837
NOVONORDISKAS,48.84,2018-07-11,NVO,2.0449760839375
AMEDISYSINC,93.18,2018-07-11,AMED,2.04304392398762
TURNINGPOINTBRANDSINC,33.259998,2018-07-11,TPB,2.02359829461762
GOLDENENTERTAINMENTINC,28.98,2018-07-11,GDEN,2.0086469441709
EATONVANCENEXTSHARESTRUST,100.019997,2018-07-11,EVSTC,1.99372615111124
ACNBCORPORATION,34.799999,2018-07-11,ACNB,1.98439936252945
MAZORROBOTICSLTD,59.650002,2018-07-11,MZOR,1.96272390274829
ICUMEDICALINC,251.350006,2018-04-18,ICUI,1.95188244654667
MEDIFASTINC,163.809998,2018-07-11,MED,1.94840584472431
GWPHARMACEUTICALSPLC,144.850006,2018-07-11,GWPH,1.92392823066978
BLUCORAINC,39.299999,2018-07-11,BCOR,1.91590267014162
HENNESSYADVISORSINC,17.610001,2018-07-11,HNNA,1.90564584841376
TYSONFOODSINC,66,2018-07-11,TSN,1.90132747305526
FEDNATHOLDINGCOMPANY,22.389999,2018-07-11,FNHC,1.89823140558435
AUTOZONEINC,681.460022,2018-07-11,AZO,1.89426393775609
CRACKERBARRELOLDCOUNTRYSTOREINC,158.5,2018-07-11,CBRL,1.83787011754501
ESTEELAUDERCOMPANIESINCTHE,139.470001,2018-07-11,EL,1.8377715836112
CITIZENSFIRSTCORPORATION,26.51,2018-07-11,CZFC,1.8216055224516
ATRIONCORPORATION,614,2018-07-11,ATRI,1.78648526900074
CYRUSONEINC,61.849998,2018-07-11,CONE,1.77890901581621
ASURESOFTWAREINC,16.24,2018-07-11,ASUR,1.75110169647888
SOUTHWESTGEORGIAFINANCIALCORPORATION,22.030001,2018-07-11,SGB,1.74442516545598
CAMBIUMLEARNINGGROUPINC,11.54,2018-07-11,ABCD,1.73156887977837
CORESITEREALTYCORPORATION,113.690002,2018-07-11,COR,1.72696990332118
CREDICORPLTD,228.699997,2018-07-11,BAP,1.71729937803685
OREILLYAUTOMOTIVEINC,283.339996,2018-07-11,ORLY,1.71377238806336
NEWENGLANDREALTYASSOCIATESLIMITEDPARTNERSHIP,68.050003,2018-07-11,NEN,1.70451215956405
PAMPAENERGIASA,38.34,2018-07-11,PAM,1.69932654285704
MESALABORATORIESINC,216.300003,2018-07-11,MLAB,1.68717074677805
RADNETINC,14.85,2018-07-11,RDNT,1.67162237391266
RCIHOSPITALITYHOLDINGSINC,31.67,2018-07-11,RICK,1.6642608297355
BOSTONBEERCOMPANYINCTHE,306,2018-07-11,SAM,1.65403084621131
OMEGAFLEXINC,83.93,2018-07-11,OFLX,1.64160204254275
INTRICONCORPORATION,43.099998,2018-07-11,IIN,1.61893304473978
DIAMONDBACKENERGYINC,130.759995,2018-07-11,FANG,1.60999731418536
GTTCOMMUNICATIONSINC,46.099998,2018-07-11,GTT,1.60731898706972
NXPSEMICONDUCTORSNV,107.599998,2018-07-11,NXPI,1.58495229453086
PROPHASELABSINC,3.1,2018-07-11,PRPH,1.56902287050483
ASHFORDINC,66,2018-07-11,AINC,1.5616427312689
VIRTUSINVESTMENTPARTNERSINC,131.399994,2018-07-11,VRTS,1.5540915957932
TESLAINC,318.959991,2018-07-11,TSLA,1.54654161349178
FIRSTTRUSTENHANCEDSHORTMATURITYETF,60.049999,2018-07-11,FTSM,1.52310549692147
SMARTSHEETINC,23.629999,2018-07-11,SMAR,1.52186058077734
BLACKSTONEMINERALSLP,17.98,2018-07-11,BSM,1.50918593299964
SHOREBANCSHARESINC,19.469999,2018-07-11,SHBI,1.50792333897529
FLANIGANSENTERPRISESINC,28.5,2018-07-11,BDL,1.50707331046463
INVESTORSTITLECOMPANY,184,2018-07-11,ITIC,1.49734149877301
ZUORAINC,24.26,2018-07-11,ZUO,1.48758175382459
WILLISLEASEFINANCECORPORATION,31.43,2018-07-11,WLFC,1.48017356782809
MSCIINC,169.279999,2018-07-11,MSCI,1.47852025986515
WELLCAREHEALTHPLANSINC,256.350006,2018-07-11,WCG,1.47149587340743
YANGTZERIVERPORTANDLOGISTICSLIMITED,10.87,2018-07-11,YRIV,1.47132763850219
GUARANTYFEDERALBANCSHARESINC,24.65,2018-07-11,GFED,1.4680500037601
HANCOCKWHITNEYCORPORATION,48.450001,2018-07-11,HWC,1.46600322876373
MELLANOXTECHNOLOGIESLTD,84.75,2018-07-11,MLNX,1.46251194874183
EBIXINC,79.5,2018-07-11,EBIX,1.4601084836142
VEREITINC,7.68,2018-07-11,VER,1.45360388063053
EATONVANCEHIGHINCOMETARGETTERMTRUST,9.66,2018-07-11,EHT,1.44481908239484
AMERICASCARMARTINC,63.849998,2018-07-11,CRMT,1.44143205574886
ALLIEDMOTIONTECHNOLOGIESINC,49.32,2018-07-11,AMOT,1.42009996914266
FBFINANCIALCORPORATION,41.849998,2018-07-11,FBK,1.40674161652283
BLUEGREENVACATIONSCORPORATION,24.73,2018-07-11,BXG,1.38361032733119
ENANTAPHARMACEUTICALSINC,120.639999,2018-07-11,ENTA,1.37526711904673
INOGENINC,202.199997,2018-07-11,INGN,1.37343484591352
CHEMBIODIAGNOSTICSINC,11.1,2018-07-11,CEMI,1.36981501337915
UBIQUITINETWORKSINC,74.25,2018-04-18,UBNT,1.3571414050213
EPAMSYSTEMSINC,117.970001,2018-04-18,EPAM,1.35573453187595
NEWORIENTALEDUCATIONTECHNOLOGYGROUPINC,95.379997,2018-07-11,EDU,1.35305183821714
ELDORADORESORTSINC,43.799999,2018-07-11,ERI,1.34857742614981
COMMUNITYBANKERSTRUSTCORPORATION,9.85,2018-07-11,ESXB,1.34777828513595
ESCALADEINCORPORATED,14,2018-07-11,ESCA,1.34403045221347
INFUSYSTEMSHOLDINGSINC,3.45,2018-07-11,INFU,1.34345749448671
GREENTREEHOSPITALITYGROUPLTD,17.809999,2018-07-11,GHG,1.33597427851094
FNCBBANCORPINC,8.75,2018-07-11,FNCB,1.33205512901518
IRADIMEDCORPORATION,22.9,2018-07-11,IRMD,1.32647841395399
EQUITABLEFINANCIALCORP,10.4,2018-07-11,EQFN,1.31898731369821
GUARANTYBANCORP,30.6,2018-07-11,GBNK,1.31737793674278
SECURITYNATIONALFINANCIALCORPORATION,5.25,2018-07-11,SNFCA,1.3088710278095
BBXCAPITALCORPORATION,9.17,2018-07-11,BBX,1.29271487352515
TOPBUILDCORP,79.199997,2018-07-11,BLD,1.29003170786828
CYTOSORBENTSCORPORATION,12.2,2018-07-11,CTSO,1.28832950009098
AMERIHOLDINGSINC,1.15,2018-07-11,AMRH,1.28211206825236
NATURALALTERNATIVESINTERNATIONALINC,10.15,2018-07-11,NAII,1.27381361812679
DYCOMINDUSTRIESINC,97.879997,2018-07-11,DY,1.27064717242881
WINMARKCORPORATION,144.449997,2018-07-11,WINA,1.2618492353786
STURMRUGERCOMPANYINC,56.799999,2018-07-11,RGR,1.25537898724816
FARMERSCAPITALBANKCORPORATION,53,2018-07-11,FFKT,1.24994518458545
HUAZHUGROUPLIMITED,40.82,2018-07-11,HTHT,1.24207753345942
OPIANTPHARMACEUTICALSINC,13.08,2018-07-11,OPNT,1.24157396208601
PROFIREENERGYINC,3.75,2018-07-11,PFIE,1.24040433185037
NVGLOBALINC,73,2018-07-11,NVEE,1.23851585182092
EXPWORLDHOLDINGSINC,10.9,2018-07-11,EXPI,1.23790340256015
BEIGENELTD,162.880005,2018-07-11,BGNE,1.23709227866947
NETEASEINC,265.519989,2018-07-11,NTES,1.2340024318577
VIRTRAINC,4.94,2018-07-11,VTSI,1.23399057571667
SMARTFINANCIALINC,26.51,2018-07-11,SMBK,1.23286114820963
ACCELERATEDIAGNOSTICSINC,21,2018-07-11,AXDX,1.22306848668665
INTERLINKELECTRONICSINC,3.57,2018-07-11,LINK,1.220753794507
OCLAROINC,8.87,2018-07-11,OCLR,1.21984083222692
GLOBUSMEDICALINC,51.400002,2018-07-11,GMED,1.21445765251212
ARCHCOALINC,77.239998,2018-07-11,ARCH,1.21233128443521
WORLDPAYINC,85.779999,2018-07-11,WP,1.20504790784875
EXACTSCIENCESCORPORATION,62.5,2018-07-11,EXAS,1.20428416986011
OPTIMIZERXCORPORATION,10.49,2018-07-11,OPRX,1.20329159002641
FIRSTTRUSTDORSEYWRIGHTINTERNATIONALFOCUSETF,20.83,2018-07-11,IFV,1.20254811285451
BIOLIFESOLUTIONSINC,17.200001,2018-07-11,BLFS,1.20120914634848
ATTINC,25.42,2018-07-11,TBB,1.20112050611157
UNITEDHEALTHGROUPINCORPORATED,254.589996,2018-07-11,UNH,1.20035603058342
SMART,5.55,2018-07-11,SFS,1.199880371366
MARINUSPHARMACEUTICALSINC,7.98,2018-07-11,MRNS,1.19635785703161
TRANSCATINC,20.9,2018-07-11,TRNS,1.19472982067139
FIRSTTRUSTDORSEYWRIGHTDYNAMICFOCUSETF,28.17,2018-07-11,FVC,1.19370947714661
SAPIENSINTERNATIONALCORPORATIONNV,10.08,2018-07-11,SPNS,1.19145405241329
PROVIDENTFINANCIALHOLDINGSINC,18.629999,2018-07-11,PROV,1.19121857584856
NVIDIACORPORATION,247.529999,2018-07-11,NVDA,1.1773795167932
JUPAIHOLDINGSLIMITED,17.280001,2018-07-11,JP,1.17413977548411
THEPROVIDENCESERVICECORPORATION,75.730003,2018-07-11,PRSC,1.17118196375199
CENTURYCASINOSINC,8.59,2018-07-11,CNTY,1.17018723823933
REDROCKRESORTSINC,36.119999,2018-07-11,RRR,1.16503948232231
ONESTOPSYSTEMSINC,4.7,2018-07-11,OSS,1.16369358902497
FRANKLINFINANCIALNETWORKINC,37.900002,2018-07-11,FSB,1.15930103430734
POINTERTELOCATIONLTD,12.05,2018-07-11,PNTR,1.15230691622432
CJENERGYSERVICESINC,22.9,2018-07-11,CJ,1.15088921393194
AKORNINC,17.82,2018-07-11,AKRX,1.15069888006934
KANSASCITYSOUTHERN,111.099998,2018-04-18,KSU,1.14391393836747
GENIUSBRANDSINTERNATIONALINC,2.39,2018-07-11,GNUS,1.14283356163578
CENTENECORPORATION,131.449997,2018-07-11,CNC,1.14231163910548
AMERICANRENALASSOCIATESHOLDINGSINC,15.83,2018-07-11,ARA,1.14004770738422
VICTORYSHARESINTERNATIONALVOLATILITYWTDETF,39.240002,2018-07-11,CIL,1.13812565917877
PERMROCKROYALTYTRUST,16,2018-07-11,PRT,1.13723209942526
MYOKARDIAINC,54.25,2018-07-11,MYOK,1.13447998998949
HERBALIFENUTRITIONLTD,53.900002,2018-07-11,HLF,1.12833563449946
REALPAGEINC,56.700001,2018-07-11,RP,1.12465224366455
JANUSHENDERSONSMALLCAPGROWTHALPHAETF,41.599998,2018-07-11,JSML,1.12147700605953
CELSIUSHOLDINGSINC,4.51,2018-07-11,CELH,1.121402240838
WINSFINANCEHOLDINGSINC,62,2018-07-11,WINS,1.12023861904114
JALEXANDERSHOLDINGSINC,11.5,2018-07-11,JAX,1.11928642649764
ALLEGIANTTRAVELCOMPANY,139.100006,2018-07-11,ALGT,1.11834399272656
BLACKKNIGHTINC,54.349998,2018-07-11,BKI,1.1179943756423
COHERUSBIOSCIENCESINC,14.9,2018-07-11,CHRS,1.11754415870293
LINECORPORATION,44.279999,2018-07-11,LN,1.11678214968435
RIVERNORTHDOUBLELINESTRATEGICOPPORTUNITYFUNDINC,17.799999,2018-07-11,OPP,1.11508346910461
REGENERONPHARMACEUTICALSINC,365.209991,2018-07-11,REGN,1.11470429594514
BRILEYFINANCIALINC,22.9,2018-07-11,RILY,1.11347312379488
EXPEDIAGROUPINC,125.139999,2018-07-11,EXPE,1.11143058594955
LAJOLLAPHARMACEUTICALCOMPANY,29.52,2018-07-11,LJPC,1.11083219223668
KINGSTONECOMPANIESINC,17.049999,2018-07-11,KINS,1.10978656984589
GLUMOBILEINC,6.25,2018-07-11,GLUU,1.10806793241298
RUMBLEONINC,6.46,2018-07-11,RMBL,1.10571347573693
BRIGHTHOUSEFINANCIALINC,41.189999,2018-07-11,BHF,1.10345544404922
HAWAIIANHOLDINGSINC,36.099998,2018-07-11,HA,1.1024532822456
SUPERNUSPHARMACEUTICALSINC,52.950001,2018-07-11,SUPN,1.10136205689418
WATERSTONEFINANCIALINC,17.299999,2018-07-11,WSBF,1.0970587186498
INTERCEPTPHARMACEUTICALSINC,96.730003,2018-07-11,ICPT,1.09676683494721
RRCMINC,8.46,2018-07-11,RCM,1.09369746353672
NEWATERTECHNOLOGYINC,20.309999,2018-07-11,NEWA,1.09204772868502
GOLDSTANDARDVENTURESCORPORATION,1.44,2018-07-11,GSV,1.08714606402051
SUNRUNINC,15.96,2018-07-11,RUN,1.08564575548057
KIMBALLELECTRONICSINC,19.700001,2018-07-11,KE,1.0853957205232
IESHOLDINGSINC,17.35,2018-07-11,IESC,1.08466893331254
EGAINCORPORATION,14.35,2018-07-11,EGAN,1.08249696765283
MIMEDXGROUPINC,7.34,2018-04-18,MDXG,1.08172444364249
FTENETWORKSINC,18.58,2018-07-11,FTNW,1.0773617774205
CALAMOSDYNAMICCONVERTIBLEINCOMEFUND,21.82,2018-07-11,CCD,1.07538818093067
RADIANTLOGISTICSINC,4.08,2018-07-11,RLGT,1.07393647370591
MISONIXINC,13.25,2018-07-11,MSON,1.07389674887169
SPARKNETWORKSINC,10.56,2018-07-11,LOV,1.0731786062165
TAKETWOINTERACTIVESOFTWAREINC,122.739998,2018-07-11,TTWO,1.07207173904528
SKYLINECHAMPIONCORPORATION,32.540001,2018-07-11,SKY,1.07194802127651
JAGGEDPEAKENERGYINC,13.52,2018-07-11,JAG,1.07027669316256
INVITATIONHOMESINC,22.969999,2018-04-18,INVH,1.06754134287295
APOLLOMEDICALHOLDINGSINC,23.299999,2018-07-11,AMEH,1.05983082110556
MINDBODYINC,40.5,2018-07-11,MB,1.05956958761865
COHBARINC,5.65,2018-07-11,CWBR,1.05932328774569
HMGCOURTLANDPROPERTIESINC,14.2,2018-07-11,HMG,1.05763484389946
LANTHEUSHOLDINGSINC,15.1,2018-07-11,LNTH,1.05617394861773
CRISPRTHERAPEUTICSAG,64.190002,2018-07-11,CRSP,1.05434597923197
CHINAONLINEEDUCATIONGROUP,10.17,2018-07-11,COE,1.05210939256822
INDEPENDENCECONTRACTDRILLINGINC,4.55,2018-07-11,ICD,1.04797204304
UNITYBIOTECHNOLOGYINC,15.5,2018-07-11,UBX,1.04258842124046
PEOPLESUTAHBANCORP,32.099998,2018-04-18,PUB,1.04063301136864
GLOBALNETLEASEINC,20.83,2018-07-11,GNL,1.03853837239155
IMPACMORTGAGEHOLDINGSINC,9.73,2018-07-11,IMH,1.0380358515891
REGIONALHEALTHPROPERTIESINC,0.23,2018-07-11,RHE,1.03637305561916
ALLIANZGICONVERTIBLEINCOMETARGETTERMFUND,9.2,2018-07-11,CBH,1.03481623992303
EASTSIDEDISTILLINGINC,8.02,2018-07-11,EAST,1.03384705418676
AERIEPHARMACEUTICALSINC,68.75,2018-07-11,AERI,1.03214060367565
DOMOINC,19.049999,2018-07-11,DOMO,1.02876225474036
THEORGANICSETF,32.924999,2018-07-11,ORG,1.02835838777794
NANTKWESTINC,2.88,2018-07-11,NK,1.02784110414116
KINGTONEWIRELESSINFOSOLUTIONHOLDINGLTD,6.37,2018-07-11,KONE,1.02724576083484
CHINAHGSREALESTATEINC,1.65,2018-07-11,HGSH,1.02716416909581
NAVIOSMARITIMEMIDSTREAMPARTNERSLP,3.39,2018-07-11,NAP,1.02497163925143
TRANSENTERIXINC,4.32,2018-07-11,TRXC,1.02401073804535
NEXTDECADECORPORATION,6.39,2018-07-11,NEXT,1.02184551871504
ENERGYFOCUSINC,2.14,2018-07-11,EFOI,1.02075438229415
CYBERARKSOFTWARELTD,66.07,2018-07-11,CYBR,1.01997614922189
PARETEUMCORPORATION,2.4,2018-07-11,TEUM,1.01877810705498
NUTRIENLTD,52.509998,2018-07-11,NTR,1.01857312058123
SOLGELTECHNOLOGIESLTD,6.42,2018-07-11,SLGL,1.01543526341315
REVENHOUSINGREITINC,3.9619,2018-07-11,RVEN,1.01152149419583
HUAMICORPORATION,9.43,2018-07-11,HMI,1.00778176246125
DUNXINFINANCIALHOLDINGSLIMITED,6.24,2018-07-11,DXF,1.00717208233407
SILVERSUNTECHNOLOGIESINC,3.92,2018-07-11,SSNT,1.00656652211916
MOMOINC,44,2018-07-11,MOMO,1.0060018290504
ORGENESISINC,8.23,2018-07-11,ORGS,1.00489086998934
PLAYAGSINC,28.32,2018-07-11,AGS,1.00267976887517
IMPINJINC,24,2018-07-11,PI,1.00164669629666
GRAFTECHINTERNATIONALLTD,17.76,2018-07-11,EAF,1.00131240535113
PENUMBRAINC,139,2018-07-11,PEN,1
